{
  "data": {
    "environment": "AzureCloud",
    "subscriptionId": "821150d3-09dd-4aed-9157-588d0c9a610f",
    "subscriptionName": "cts17181feb13",
    "scopeLevel": "Subscription"
  },
  "name": "cts17181feb13 (821150d3-09dd-4aed-9157-588d0c9a610f)",
  "type": "azurerm",
  "url": "https://management.azure.com/",
  "authorization": {
    "parameters": {
      "tenantId": "4bb2d3f8-ca49-4257-98dc-300010404370"
    },
    "scheme": "ManagedServiceIdentity"
  },
  "isShared": false,
  "isReady": true,
  "owner": "Library"
}