{
  "count": 2,
  "value": [
    {
      "id": 176,
      "rev": 2,
      "fields": {
        "System.AreaPath": "DockerPipeline",
        "System.TeamProject": "DockerPipeline",
        "System.IterationPath": "DockerPipeline",
        "System.WorkItemType": "Epic",
        "System.State": "New",
        "System.Reason": "New epic",
        "System.CreatedDate": "2021-03-28T05:32:48.057Z",
        "System.CreatedBy": "Venkatesh Sudarson <Venkatesh@niitnazure.onmicrosoft.com>",
        "System.ChangedDate": "2021-03-28T09:46:49.15Z",
        "System.ChangedBy": "Venkatesh Sudarson <Venkatesh@niitnazure.onmicrosoft.com>",
        "System.Title": "Create CI-CD pipeline",
        "Microsoft.VSTS.Scheduling.Effort": 40.0,
        "System.Description": "Create CI-CD pipeline using VSTS and Azure",
        "System.AssignedTo": null,
        "Microsoft.VSTS.Scheduling.RemainingWork": 0.0,
        "Microsoft.VSTS.Common.Priority": 2.0,
        "System.BoardLane": null,
        "System.Tags": null,
        "Microsoft.VSTS.TCM.Steps": null,
        "Microsoft.VSTS.TCM.Parameters": null,
        "Microsoft.VSTS.TCM.LocalDataSource": null,
        "Microsoft.VSTS.TCM.AutomationStatus": null,
        "System.History": null
      },
      "relations": [
        {
          "rel": "System.LinkTypes.Hierarchy-Forward",
          "url": "https://dev.azure.com/Venkatesh0577/_apis/wit/workItems/159",
          "attributes": {
            "isLocked": "false",
            "comment": "Making a new link for the dependency",
            "name": "Child"
          }
        },
        {
          "rel": "System.LinkTypes.Hierarchy-Forward",
          "url": "https://dev.azure.com/Venkatesh0577/_apis/wit/workItems/160",
          "attributes": {
            "isLocked": "false",
            "comment": "Making a new link for the dependency",
            "name": "Child"
          }
        }
      ],
      "url": "https://dev.azure.com/Venkatesh0577/_apis/wit/workItems/176"
    },
    {
      "id": 175,
      "rev": 2,
      "fields": {
        "System.AreaPath": "DockerPipeline",
        "System.TeamProject": "DockerPipeline",
        "System.IterationPath": "DockerPipeline",
        "System.WorkItemType": "Epic",
        "System.State": "New",
        "System.Reason": "New epic",
        "System.CreatedDate": "2021-03-28T05:32:47.607Z",
        "System.CreatedBy": "Venkatesh Sudarson <Venkatesh@niitnazure.onmicrosoft.com>",
        "System.ChangedDate": "2021-03-28T09:46:49.15Z",
        "System.ChangedBy": "Venkatesh Sudarson <Venkatesh@niitnazure.onmicrosoft.com>",
        "System.Title": "Add docker support for .NETCORE project",
        "Microsoft.VSTS.Scheduling.Effort": 30.0,
        "System.Description": "<div>Add docker support for .NETCORE project by adding below files:</div><div><br></div><div>1. Dockerfile</div><div>2. DockerCompose.yml</div>",
        "System.AssignedTo": null,
        "Microsoft.VSTS.Scheduling.RemainingWork": 0.0,
        "Microsoft.VSTS.Common.Priority": 2.0,
        "System.BoardLane": null,
        "System.Tags": null,
        "Microsoft.VSTS.TCM.Steps": null,
        "Microsoft.VSTS.TCM.Parameters": null,
        "Microsoft.VSTS.TCM.LocalDataSource": null,
        "Microsoft.VSTS.TCM.AutomationStatus": null,
        "System.History": null
      },
      "relations": [
        {
          "rel": "System.LinkTypes.Hierarchy-Forward",
          "url": "https://dev.azure.com/Venkatesh0577/_apis/wit/workItems/161",
          "attributes": {
            "isLocked": "false",
            "comment": "Making a new link for the dependency",
            "name": "Child"
          }
        },
        {
          "rel": "System.LinkTypes.Hierarchy-Forward",
          "url": "https://dev.azure.com/Venkatesh0577/_apis/wit/workItems/162",
          "attributes": {
            "isLocked": "false",
            "comment": "Making a new link for the dependency",
            "name": "Child"
          }
        }
      ],
      "url": "https://dev.azure.com/Venkatesh0577/_apis/wit/workItems/175"
    }
  ],
  "HttpStatusCode": 0,
  "Message": null
}