{
  "count": 4,
  "value": [
    {
      "id": 162,
      "rev": 2,
      "fields": {
        "System.AreaPath": "DockerPipeline",
        "System.TeamProject": "DockerPipeline",
        "System.IterationPath": "DockerPipeline",
        "System.WorkItemType": "Feature",
        "System.State": "New",
        "System.Reason": "New feature",
        "System.CreatedDate": "2021-03-28T05:32:40.917Z",
        "System.CreatedBy": "Venkatesh Sudarson <Venkatesh@niitnazure.onmicrosoft.com>",
        "System.ChangedDate": "2021-03-28T09:46:54.86Z",
        "System.ChangedBy": "Venkatesh Sudarson <Venkatesh@niitnazure.onmicrosoft.com>",
        "System.Title": "Create DockerCompose.yml files",
        "Microsoft.VSTS.Scheduling.Effort": 10.0,
        "System.Description": "Create DockerCompose.yml files",
        "System.AssignedTo": null,
        "Microsoft.VSTS.Scheduling.RemainingWork": 0.0,
        "Microsoft.VSTS.Common.Priority": 2.0,
        "System.BoardLane": null,
        "System.Tags": null,
        "Microsoft.VSTS.TCM.Steps": null,
        "Microsoft.VSTS.TCM.Parameters": null,
        "Microsoft.VSTS.TCM.LocalDataSource": null,
        "Microsoft.VSTS.TCM.AutomationStatus": null,
        "System.History": null
      },
      "relations": [
        {
          "rel": "System.LinkTypes.Hierarchy-Forward",
          "url": "https://dev.azure.com/Venkatesh0577/_apis/wit/workItems/166",
          "attributes": {
            "isLocked": "false",
            "comment": "Making a new link for the dependency",
            "name": "Child"
          }
        },
        {
          "rel": "System.LinkTypes.Hierarchy-Reverse",
          "url": "https://dev.azure.com/Venkatesh0577/_apis/wit/workItems/175",
          "attributes": {
            "isLocked": "false",
            "comment": "Making a new link for the dependency",
            "name": "Parent"
          }
        }
      ],
      "url": "https://dev.azure.com/Venkatesh0577/_apis/wit/workItems/162"
    },
    {
      "id": 161,
      "rev": 2,
      "fields": {
        "System.AreaPath": "DockerPipeline",
        "System.TeamProject": "DockerPipeline",
        "System.IterationPath": "DockerPipeline",
        "System.WorkItemType": "Feature",
        "System.State": "New",
        "System.Reason": "New feature",
        "System.CreatedDate": "2021-03-28T05:32:40.403Z",
        "System.CreatedBy": "Venkatesh Sudarson <Venkatesh@niitnazure.onmicrosoft.com>",
        "System.ChangedDate": "2021-03-28T09:46:54.86Z",
        "System.ChangedBy": "Venkatesh Sudarson <Venkatesh@niitnazure.onmicrosoft.com>",
        "System.Title": "Create Dockerfile for .web project",
        "Microsoft.VSTS.Scheduling.Effort": 10.0,
        "System.Description": "<div>Create Dockerfile for .web project</div>",
        "System.AssignedTo": null,
        "Microsoft.VSTS.Scheduling.RemainingWork": 0.0,
        "Microsoft.VSTS.Common.Priority": 2.0,
        "System.BoardLane": null,
        "System.Tags": null,
        "Microsoft.VSTS.TCM.Steps": null,
        "Microsoft.VSTS.TCM.Parameters": null,
        "Microsoft.VSTS.TCM.LocalDataSource": null,
        "Microsoft.VSTS.TCM.AutomationStatus": null,
        "System.History": null
      },
      "relations": [
        {
          "rel": "System.LinkTypes.Hierarchy-Forward",
          "url": "https://dev.azure.com/Venkatesh0577/_apis/wit/workItems/168",
          "attributes": {
            "isLocked": "false",
            "comment": "Making a new link for the dependency",
            "name": "Child"
          }
        },
        {
          "rel": "System.LinkTypes.Hierarchy-Reverse",
          "url": "https://dev.azure.com/Venkatesh0577/_apis/wit/workItems/175",
          "attributes": {
            "isLocked": "false",
            "comment": "Making a new link for the dependency",
            "name": "Parent"
          }
        }
      ],
      "url": "https://dev.azure.com/Venkatesh0577/_apis/wit/workItems/161"
    },
    {
      "id": 160,
      "rev": 2,
      "fields": {
        "System.AreaPath": "DockerPipeline",
        "System.TeamProject": "DockerPipeline",
        "System.IterationPath": "DockerPipeline",
        "System.WorkItemType": "Feature",
        "System.State": "New",
        "System.Reason": "New feature",
        "System.CreatedDate": "2021-03-28T05:32:40.057Z",
        "System.CreatedBy": "Venkatesh Sudarson <Venkatesh@niitnazure.onmicrosoft.com>",
        "System.ChangedDate": "2021-03-28T09:46:54.86Z",
        "System.ChangedBy": "Venkatesh Sudarson <Venkatesh@niitnazure.onmicrosoft.com>",
        "System.Title": "Create Endpoints in VSTS",
        "Microsoft.VSTS.Scheduling.Effort": 5.0,
        "System.Description": "Create Endpoints in VSTS so that VSTS is connected to Azure components",
        "System.AssignedTo": null,
        "Microsoft.VSTS.Scheduling.RemainingWork": 0.0,
        "Microsoft.VSTS.Common.Priority": 2.0,
        "System.BoardLane": null,
        "System.Tags": null,
        "Microsoft.VSTS.TCM.Steps": null,
        "Microsoft.VSTS.TCM.Parameters": null,
        "Microsoft.VSTS.TCM.LocalDataSource": null,
        "Microsoft.VSTS.TCM.AutomationStatus": null,
        "System.History": null
      },
      "relations": [
        {
          "rel": "System.LinkTypes.Hierarchy-Reverse",
          "url": "https://dev.azure.com/Venkatesh0577/_apis/wit/workItems/176",
          "attributes": {
            "isLocked": "false",
            "comment": "Making a new link for the dependency",
            "name": "Parent"
          }
        },
        {
          "rel": "System.LinkTypes.Hierarchy-Forward",
          "url": "https://dev.azure.com/Venkatesh0577/_apis/wit/workItems/164",
          "attributes": {
            "isLocked": "false",
            "comment": "Making a new link for the dependency",
            "name": "Child"
          }
        },
        {
          "rel": "System.LinkTypes.Hierarchy-Forward",
          "url": "https://dev.azure.com/Venkatesh0577/_apis/wit/workItems/163",
          "attributes": {
            "isLocked": "false",
            "comment": "Making a new link for the dependency",
            "name": "Child"
          }
        }
      ],
      "url": "https://dev.azure.com/Venkatesh0577/_apis/wit/workItems/160"
    },
    {
      "id": 159,
      "rev": 2,
      "fields": {
        "System.AreaPath": "DockerPipeline",
        "System.TeamProject": "DockerPipeline",
        "System.IterationPath": "DockerPipeline",
        "System.WorkItemType": "Feature",
        "System.State": "New",
        "System.Reason": "New feature",
        "System.CreatedDate": "2021-03-28T05:32:39.653Z",
        "System.CreatedBy": "Venkatesh Sudarson <Venkatesh@niitnazure.onmicrosoft.com>",
        "System.ChangedDate": "2021-03-28T09:46:54.86Z",
        "System.ChangedBy": "Venkatesh Sudarson <Venkatesh@niitnazure.onmicrosoft.com>",
        "System.Title": "Create Azure components through ARM template",
        "Microsoft.VSTS.Scheduling.Effort": 3.0,
        "System.Description": "<div>Create Azure components through ARM template, such as:</div><div><br></div><div>1. Azure Container Registry</div><div>2. Azure Web App which uses Linux OS</div>",
        "System.AssignedTo": null,
        "Microsoft.VSTS.Scheduling.RemainingWork": 0.0,
        "Microsoft.VSTS.Common.Priority": 2.0,
        "System.BoardLane": null,
        "System.Tags": null,
        "Microsoft.VSTS.TCM.Steps": null,
        "Microsoft.VSTS.TCM.Parameters": null,
        "Microsoft.VSTS.TCM.LocalDataSource": null,
        "Microsoft.VSTS.TCM.AutomationStatus": null,
        "System.History": null
      },
      "relations": [
        {
          "rel": "System.LinkTypes.Hierarchy-Forward",
          "url": "https://dev.azure.com/Venkatesh0577/_apis/wit/workItems/167",
          "attributes": {
            "isLocked": "false",
            "comment": "Making a new link for the dependency",
            "name": "Child"
          }
        },
        {
          "rel": "System.LinkTypes.Hierarchy-Forward",
          "url": "https://dev.azure.com/Venkatesh0577/_apis/wit/workItems/165",
          "attributes": {
            "isLocked": "false",
            "comment": "Making a new link for the dependency",
            "name": "Child"
          }
        },
        {
          "rel": "System.LinkTypes.Hierarchy-Reverse",
          "url": "https://dev.azure.com/Venkatesh0577/_apis/wit/workItems/176",
          "attributes": {
            "isLocked": "false",
            "comment": "Making a new link for the dependency",
            "name": "Parent"
          }
        }
      ],
      "url": "https://dev.azure.com/Venkatesh0577/_apis/wit/workItems/159"
    }
  ],
  "HttpStatusCode": 0,
  "Message": null
}