{
  "count": 6,
  "value": [
    {
      "id": 168,
      "rev": 1,
      "fields": {
        "System.AreaPath": "DockerPipeline",
        "System.TeamProject": "DockerPipeline",
        "System.IterationPath": "DockerPipeline",
        "System.WorkItemType": "Product Backlog Item",
        "System.State": "Approved",
        "System.Reason": "Approved by the Product Owner",
        "System.CreatedDate": "2021-03-28T05:32:44.113Z",
        "System.CreatedBy": "Venkatesh Sudarson <Venkatesh@niitnazure.onmicrosoft.com>",
        "System.ChangedDate": "2021-03-28T05:32:44.113Z",
        "System.ChangedBy": "Venkatesh Sudarson <Venkatesh@niitnazure.onmicrosoft.com>",
        "System.Title": "Add Dockerfile to .web project",
        "Microsoft.VSTS.Scheduling.Effort": 10.0,
        "System.Description": "<div>Add Dockerfile to .web project</div>",
        "System.AssignedTo": null,
        "Microsoft.VSTS.Scheduling.RemainingWork": 0.0,
        "Microsoft.VSTS.Common.Priority": 2.0,
        "System.BoardLane": null,
        "System.Tags": "Docker",
        "Microsoft.VSTS.TCM.Steps": null,
        "Microsoft.VSTS.TCM.Parameters": null,
        "Microsoft.VSTS.TCM.LocalDataSource": null,
        "Microsoft.VSTS.TCM.AutomationStatus": null,
        "System.History": null
      },
      "relations": [
        {
          "rel": "System.LinkTypes.Hierarchy-Forward",
          "url": "https://dev.azure.com/Venkatesh0577/_apis/wit/workItems/173",
          "attributes": {
            "isLocked": "false",
            "comment": "Making a new link for the dependency",
            "name": "Child"
          }
        },
        {
          "rel": "System.LinkTypes.Hierarchy-Reverse",
          "url": "https://dev.azure.com/Venkatesh0577/_apis/wit/workItems/161",
          "attributes": {
            "isLocked": "false",
            "comment": "Making a new link for the dependency",
            "name": "Parent"
          }
        }
      ],
      "url": "https://dev.azure.com/Venkatesh0577/_apis/wit/workItems/168"
    },
    {
      "id": 167,
      "rev": 1,
      "fields": {
        "System.AreaPath": "DockerPipeline",
        "System.TeamProject": "DockerPipeline",
        "System.IterationPath": "DockerPipeline",
        "System.WorkItemType": "Product Backlog Item",
        "System.State": "Approved",
        "System.Reason": "Approved by the Product Owner",
        "System.CreatedDate": "2021-03-28T05:32:43.717Z",
        "System.CreatedBy": "Venkatesh Sudarson <Venkatesh@niitnazure.onmicrosoft.com>",
        "System.ChangedDate": "2021-03-28T05:32:43.717Z",
        "System.ChangedBy": "Venkatesh Sudarson <Venkatesh@niitnazure.onmicrosoft.com>",
        "System.Title": "Develop ARM template",
        "Microsoft.VSTS.Scheduling.Effort": 2.0,
        "System.Description": "<div>Develop ARM template with below components:</div><div><br></div><div>1. azuredeploy.json</div><div>2. azuredeploy.parameters.json</div>",
        "System.AssignedTo": null,
        "Microsoft.VSTS.Scheduling.RemainingWork": 0.0,
        "Microsoft.VSTS.Common.Priority": 2.0,
        "System.BoardLane": null,
        "System.Tags": "Templates",
        "Microsoft.VSTS.TCM.Steps": null,
        "Microsoft.VSTS.TCM.Parameters": null,
        "Microsoft.VSTS.TCM.LocalDataSource": null,
        "Microsoft.VSTS.TCM.AutomationStatus": null,
        "System.History": null
      },
      "relations": [
        {
          "rel": "System.LinkTypes.Hierarchy-Forward",
          "url": "https://dev.azure.com/Venkatesh0577/_apis/wit/workItems/169",
          "attributes": {
            "isLocked": "false",
            "comment": "Making a new link for the dependency",
            "name": "Child"
          }
        },
        {
          "rel": "System.LinkTypes.Hierarchy-Reverse",
          "url": "https://dev.azure.com/Venkatesh0577/_apis/wit/workItems/159",
          "attributes": {
            "isLocked": "false",
            "comment": "Making a new link for the dependency",
            "name": "Parent"
          }
        },
        {
          "rel": "System.LinkTypes.Hierarchy-Forward",
          "url": "https://dev.azure.com/Venkatesh0577/_apis/wit/workItems/170",
          "attributes": {
            "isLocked": "false",
            "comment": "Making a new link for the dependency",
            "name": "Child"
          }
        }
      ],
      "url": "https://dev.azure.com/Venkatesh0577/_apis/wit/workItems/167"
    },
    {
      "id": 166,
      "rev": 1,
      "fields": {
        "System.AreaPath": "DockerPipeline",
        "System.TeamProject": "DockerPipeline",
        "System.IterationPath": "DockerPipeline",
        "System.WorkItemType": "Product Backlog Item",
        "System.State": "New",
        "System.Reason": "New backlog item",
        "System.CreatedDate": "2021-03-28T05:32:43.33Z",
        "System.CreatedBy": "Venkatesh Sudarson <Venkatesh@niitnazure.onmicrosoft.com>",
        "System.ChangedDate": "2021-03-28T05:32:43.33Z",
        "System.ChangedBy": "Venkatesh Sudarson <Venkatesh@niitnazure.onmicrosoft.com>",
        "System.Title": "Add Dockercompose.yml files",
        "Microsoft.VSTS.Scheduling.Effort": 10.0,
        "System.Description": "<div>Add below files:</div><div><br></div><div>1. docker-compose.ci.build.yml<br>2. docker-compose.yml </div><div>3. Under (2) add docker-compose.override.yml</div>",
        "System.AssignedTo": null,
        "Microsoft.VSTS.Scheduling.RemainingWork": 0.0,
        "Microsoft.VSTS.Common.Priority": 2.0,
        "System.BoardLane": null,
        "System.Tags": "Docker",
        "Microsoft.VSTS.TCM.Steps": null,
        "Microsoft.VSTS.TCM.Parameters": null,
        "Microsoft.VSTS.TCM.LocalDataSource": null,
        "Microsoft.VSTS.TCM.AutomationStatus": null,
        "System.History": null
      },
      "relations": [
        {
          "rel": "System.LinkTypes.Hierarchy-Reverse",
          "url": "https://dev.azure.com/Venkatesh0577/_apis/wit/workItems/162",
          "attributes": {
            "isLocked": "false",
            "comment": "Making a new link for the dependency",
            "name": "Parent"
          }
        },
        {
          "rel": "System.LinkTypes.Hierarchy-Forward",
          "url": "https://dev.azure.com/Venkatesh0577/_apis/wit/workItems/174",
          "attributes": {
            "isLocked": "false",
            "comment": "Making a new link for the dependency",
            "name": "Child"
          }
        }
      ],
      "url": "https://dev.azure.com/Venkatesh0577/_apis/wit/workItems/166"
    },
    {
      "id": 165,
      "rev": 1,
      "fields": {
        "System.AreaPath": "DockerPipeline",
        "System.TeamProject": "DockerPipeline",
        "System.IterationPath": "DockerPipeline",
        "System.WorkItemType": "Product Backlog Item",
        "System.State": "New",
        "System.Reason": "New backlog item",
        "System.CreatedDate": "2021-03-28T05:32:42.28Z",
        "System.CreatedBy": "Venkatesh Sudarson <Venkatesh@niitnazure.onmicrosoft.com>",
        "System.ChangedDate": "2021-03-28T05:32:42.28Z",
        "System.ChangedBy": "Venkatesh Sudarson <Venkatesh@niitnazure.onmicrosoft.com>",
        "System.Title": "Identify Azure components required",
        "Microsoft.VSTS.Scheduling.Effort": 2.0,
        "System.Description": "Identify Azure components required",
        "System.AssignedTo": null,
        "Microsoft.VSTS.Scheduling.RemainingWork": 0.0,
        "Microsoft.VSTS.Common.Priority": 2.0,
        "System.BoardLane": null,
        "System.Tags": "Azure",
        "Microsoft.VSTS.TCM.Steps": null,
        "Microsoft.VSTS.TCM.Parameters": null,
        "Microsoft.VSTS.TCM.LocalDataSource": null,
        "Microsoft.VSTS.TCM.AutomationStatus": null,
        "System.History": null
      },
      "relations": [
        {
          "rel": "System.LinkTypes.Hierarchy-Reverse",
          "url": "https://dev.azure.com/Venkatesh0577/_apis/wit/workItems/159",
          "attributes": {
            "isLocked": "false",
            "comment": "Making a new link for the dependency",
            "name": "Parent"
          }
        }
      ],
      "url": "https://dev.azure.com/Venkatesh0577/_apis/wit/workItems/165"
    },
    {
      "id": 164,
      "rev": 1,
      "fields": {
        "System.AreaPath": "DockerPipeline",
        "System.TeamProject": "DockerPipeline",
        "System.IterationPath": "DockerPipeline",
        "System.WorkItemType": "Product Backlog Item",
        "System.State": "New",
        "System.Reason": "New backlog item",
        "System.CreatedDate": "2021-03-28T05:32:41.89Z",
        "System.CreatedBy": "Venkatesh Sudarson <Venkatesh@niitnazure.onmicrosoft.com>",
        "System.ChangedDate": "2021-03-28T05:32:41.89Z",
        "System.ChangedBy": "Venkatesh Sudarson <Venkatesh@niitnazure.onmicrosoft.com>",
        "System.Title": "Create Endpoint for Azure Container Registry",
        "Microsoft.VSTS.Scheduling.Effort": 1.0,
        "System.Description": "Create Endpoint for Azure Container Registry in VSTS",
        "System.AssignedTo": null,
        "Microsoft.VSTS.Scheduling.RemainingWork": 0.0,
        "Microsoft.VSTS.Common.Priority": 2.0,
        "System.BoardLane": null,
        "System.Tags": "Azure; VSTS",
        "Microsoft.VSTS.TCM.Steps": null,
        "Microsoft.VSTS.TCM.Parameters": null,
        "Microsoft.VSTS.TCM.LocalDataSource": null,
        "Microsoft.VSTS.TCM.AutomationStatus": null,
        "System.History": null
      },
      "relations": [
        {
          "rel": "System.LinkTypes.Hierarchy-Forward",
          "url": "https://dev.azure.com/Venkatesh0577/_apis/wit/workItems/172",
          "attributes": {
            "isLocked": "false",
            "comment": "Making a new link for the dependency",
            "name": "Child"
          }
        },
        {
          "rel": "System.LinkTypes.Hierarchy-Reverse",
          "url": "https://dev.azure.com/Venkatesh0577/_apis/wit/workItems/160",
          "attributes": {
            "isLocked": "false",
            "comment": "Making a new link for the dependency",
            "name": "Parent"
          }
        }
      ],
      "url": "https://dev.azure.com/Venkatesh0577/_apis/wit/workItems/164"
    },
    {
      "id": 163,
      "rev": 1,
      "fields": {
        "System.AreaPath": "DockerPipeline",
        "System.TeamProject": "DockerPipeline",
        "System.IterationPath": "DockerPipeline",
        "System.WorkItemType": "Product Backlog Item",
        "System.State": "New",
        "System.Reason": "New backlog item",
        "System.CreatedDate": "2021-03-28T05:32:41.34Z",
        "System.CreatedBy": "Venkatesh Sudarson <Venkatesh@niitnazure.onmicrosoft.com>",
        "System.ChangedDate": "2021-03-28T05:32:41.34Z",
        "System.ChangedBy": "Venkatesh Sudarson <Venkatesh@niitnazure.onmicrosoft.com>",
        "System.Title": "Create Endpoint for Azure Resource Manager",
        "Microsoft.VSTS.Scheduling.Effort": 1.0,
        "System.Description": "Create Endpoint for Azure Resource Manager such that it points to your active Azure subscription",
        "System.AssignedTo": null,
        "Microsoft.VSTS.Scheduling.RemainingWork": 0.0,
        "Microsoft.VSTS.Common.Priority": 2.0,
        "System.BoardLane": null,
        "System.Tags": "Azure; VSTS",
        "Microsoft.VSTS.TCM.Steps": null,
        "Microsoft.VSTS.TCM.Parameters": null,
        "Microsoft.VSTS.TCM.LocalDataSource": null,
        "Microsoft.VSTS.TCM.AutomationStatus": null,
        "System.History": null
      },
      "relations": [
        {
          "rel": "System.LinkTypes.Hierarchy-Forward",
          "url": "https://dev.azure.com/Venkatesh0577/_apis/wit/workItems/171",
          "attributes": {
            "isLocked": "false",
            "comment": "Making a new link for the dependency",
            "name": "Child"
          }
        },
        {
          "rel": "System.LinkTypes.Hierarchy-Reverse",
          "url": "https://dev.azure.com/Venkatesh0577/_apis/wit/workItems/160",
          "attributes": {
            "isLocked": "false",
            "comment": "Making a new link for the dependency",
            "name": "Parent"
          }
        }
      ],
      "url": "https://dev.azure.com/Venkatesh0577/_apis/wit/workItems/163"
    }
  ],
  "HttpStatusCode": 0,
  "Message": null
}